{
  "name": "cmp",
  "circuits": [
    {
      "id": "2-bit CMP",
      "alice": [1, 2],
      "bob": [3, 4],
      "out": [17, 19],
      "gates": [
        {"id": 11, "type": "NOT", "in": [1]},
        {"id": 12, "type": "NOT", "in": [2]},
        {"id": 13, "type": "AND", "in": [11, 3]},
        {"id": 14, "type": "AND", "in": [12, 4]},
        {"id": 15, "type": "XNOR", "in": [1, 3]},
        {"id": 16, "type": "AND", "in": [14, 15]},
        {"id": 17, "type": "OR", "in": [13, 16]},
        {"id": 18, "type": "XNOR", "in": [2, 4]},
        {"id": 19, "type": "NAND", "in": [15, 18]}
      ]
    }
  ]
}
