{
  "name": "min",
  "circuits": [
    {
      "id": "2-bit MIN",
      "alice": [1, 2],
      "bob": [3, 4],
      "out": [10, 19],
      "gates": [
        {"id": 10, "type": "AND", "in": [1, 3]},
        {"id": 11, "type": "NOT", "in": [1]},
        {"id": 12, "type": "AND", "in": [2, 3]},
        {"id": 13, "type": "NOT", "in": [3]},
        {"id": 14, "type": "AND", "in": [1, 4]},
        {"id": 15, "type": "AND", "in": [2, 4]},
        {"id": 16, "type": "AND", "in": [11, 12]},
        {"id": 17, "type": "AND", "in": [13, 14]},
        {"id": 18, "type": "OR", "in": [16, 17]},
        {"id": 19, "type": "OR", "in": [15, 18]}
      ]
    }
  ]
}
